KEY_CODE,人口総数,小地域,男,女,世帯総数
271410010,2528,堺市堺区浅香山町,1175,1353,1104
27141001001,548,堺市堺区浅香山町１丁,268,280,248
27141001002,720,堺市堺区浅香山町２丁,341,379,337
27141001003,1260,堺市堺区浅香山町３丁,566,694,519
271410020,1121,堺市堺区旭ケ丘北町,573,548,547
27141002001,268,堺市堺区旭ケ丘北町１丁,178,90,169
27141002002,292,堺市堺区旭ケ丘北町２丁,132,160,147
27141002003,230,堺市堺区旭ケ丘北町３丁,109,121,106
27141002004,330,堺市堺区旭ケ丘北町４丁,153,177,124
27141002005,1,堺市堺区旭ケ丘北町５丁,1,-,1
271410030,1160,堺市堺区旭ケ丘中町,549,611,500
27141003001,322,堺市堺区旭ケ丘中町１丁,151,171,173
27141003002,339,堺市堺区旭ケ丘中町２丁,166,173,172
27141003003,297,堺市堺区旭ケ丘中町３丁,139,158,112
27141003004,202,堺市堺区旭ケ丘中町４丁,93,109,43
271410040,781,堺市堺区旭ケ丘南町,374,407,346
27141004001,171,堺市堺区旭ケ丘南町１丁,83,88,87
27141004002,151,堺市堺区旭ケ丘南町２丁,78,73,63
27141004003,252,堺市堺区旭ケ丘南町３丁,118,134,118
27141004004,207,堺市堺区旭ケ丘南町４丁,95,112,78
271410050,322,堺市堺区旭通,147,175,132
271410060,183,堺市堺区綾之町西,87,96,77
27141006001,81,堺市堺区綾之町西１丁,37,44,33
27141006002,54,堺市堺区綾之町西２丁,28,26,17
27141006003,48,堺市堺区綾之町西３丁,22,26,27
271410070,342,堺市堺区綾之町東,172,170,156
27141007001,284,堺市堺区綾之町東１丁,140,144,127
27141007002,58,堺市堺区綾之町東２丁,32,26,29
271410080,98,堺市堺区石津北町,60,38,47
271410090,2268,堺市堺区石津町,1089,1179,957
27141009001,677,堺市堺区石津町１丁,313,364,276
27141009002,292,堺市堺区石津町２丁,126,166,131
27141009003,1044,堺市堺区石津町３丁,523,521,444
27141009004,255,堺市堺区石津町４丁,127,128,106
271410100,775,堺市堺区一条通,388,387,412
271410110,550,堺市堺区市之町西,254,296,267
27141011001,29,堺市堺区市之町西１丁,19,10,26
27141011002,445,堺市堺区市之町西２丁,207,238,199
27141011003,76,堺市堺区市之町西３丁,28,48,42
271410120,778,堺市堺区市之町東,372,406,436
27141012001,58,堺市堺区市之町東１丁,31,27,40
27141012002,117,堺市堺区市之町東２丁,53,64,44
27141012003,186,堺市堺区市之町東３丁,88,98,104
27141012004,131,堺市堺区市之町東４丁,64,67,78
27141012005,176,堺市堺区市之町東５丁,82,94,122
27141012006,110,堺市堺区市之町東６丁,54,56,48
271410130,3977,堺市堺区今池町,1828,2149,1443
27141013001,658,堺市堺区今池町１丁,307,351,304
27141013002,624,堺市堺区今池町２丁,303,321,250
27141013003,770,堺市堺区今池町３丁,332,438,91
27141013004,737,堺市堺区今池町４丁,311,426,326
27141013005,188,堺市堺区今池町５丁,98,90,64
27141013006,1000,堺市堺区今池町６丁,477,523,408
271410140,868,堺市堺区永代町,438,430,411
27141014001,191,堺市堺区永代町１丁,92,99,120
27141014002,155,堺市堺区永代町２丁,82,73,75
27141014003,-,堺市堺区永代町３丁,-,-,-
27141014004,242,堺市堺区永代町４丁,120,122,79
27141014005,111,堺市堺区永代町５丁,60,51,48
27141014006,169,堺市堺区永代町６丁,84,85,89
271410150,2866,堺市堺区榎元町,1317,1549,1286
27141015001,490,堺市堺区榎元町１丁,201,289,219
27141015002,219,堺市堺区榎元町２丁,103,116,118
27141015003,462,堺市堺区榎元町３丁,211,251,203
27141015004,720,堺市堺区榎元町４丁,351,369,324
27141015005,586,堺市堺区榎元町５丁,273,313,239
27141015006,389,堺市堺区榎元町６丁,178,211,183
271410160,3041,堺市堺区戎島町,1402,1639,1491
27141016001,1278,堺市堺区戎島町１丁,544,734,682
27141016002,1137,堺市堺区戎島町２丁,547,590,528
27141016003,547,堺市堺区戎島町３丁,266,281,228
27141016004,78,堺市堺区戎島町４丁,44,34,52
27141016005,1,堺市堺区戎島町５丁,1,-,1
271410170,513,堺市堺区戎之町西,237,276,256
27141017001,393,堺市堺区戎之町西１丁,186,207,176
27141017002,120,堺市堺区戎之町西２丁,51,69,80
271410180,975,堺市堺区戎之町東,464,511,552
27141018001,132,堺市堺区戎之町東１丁,62,70,94
27141018002,180,堺市堺区戎之町東２丁,92,88,133
27141018003,220,堺市堺区戎之町東３丁,109,111,122
27141018004,198,堺市堺区戎之町東４丁,90,108,90
27141018005,245,堺市堺区戎之町東５丁,111,134,113
271410190,158,堺市堺区老松町,89,69,115
27141019001,70,堺市堺区老松町１丁,38,32,64
27141019002,83,堺市堺区老松町２丁,50,33,50
27141019003,5,堺市堺区老松町３丁,1,4,1
271410200,861,堺市堺区大町西,409,452,380
27141020001,237,堺市堺区大町西１丁,119,118,101
27141020002,132,堺市堺区大町西２丁,67,65,62
27141020003,492,堺市堺区大町西３丁,223,269,217
271410210,615,堺市堺区大町東,312,303,395
27141021001,144,堺市堺区大町東１丁,71,73,105
27141021002,87,堺市堺区大町東２丁,48,39,37
27141021003,124,堺市堺区大町東３丁,62,62,58
27141021004,260,堺市堺区大町東４丁,131,129,195
271410220,2977,堺市堺区大浜北町,1403,1574,1427
27141022001,506,堺市堺区大浜北町１丁,247,259,215
27141022002,1635,堺市堺区大浜北町２丁,761,874,793
27141022003,836,堺市堺区大浜北町３丁,395,441,419
27141022004,-,堺市堺区大浜北町４丁,-,-,-
27141022005,-,堺市堺区大浜北町５丁,-,-,-
271410230,1700,堺市堺区大浜中町,833,867,747
27141023001,379,堺市堺区大浜中町１丁,171,208,148
27141023002,479,堺市堺区大浜中町２丁,228,251,208
27141023003,842,堺市堺区大浜中町３丁,434,408,391
271410240,1,堺市堺区大浜西町,1,-,1
271410250,1944,堺市堺区大浜南町,1014,930,1143
27141025001,409,堺市堺区大浜南町１丁,258,151,242
27141025002,704,堺市堺区大浜南町２丁,328,376,358
27141025003,831,堺市堺区大浜南町３丁,428,403,543
271410260,675,堺市堺区翁橋町,319,356,424
27141026001,418,堺市堺区翁橋町１丁,212,206,298
27141026002,257,堺市堺区翁橋町２丁,107,150,126
271410270,223,堺市堺区遠里小野町,113,110,99
27141027001,141,堺市堺区遠里小野町１丁,70,71,58
27141027002,45,堺市堺区遠里小野町２丁,20,25,20
27141027003,20,堺市堺区遠里小野町３丁,14,6,14
27141027004,17,堺市堺区遠里小野町４丁,9,8,7
271410280,3086,堺市堺区海山町,1497,1589,1174
27141028001,1033,堺市堺区海山町１丁,516,517,414
27141028002,923,堺市堺区海山町２丁,433,490,333
27141028003,198,堺市堺区海山町３丁,80,118,57
27141028004,815,堺市堺区海山町４丁,404,411,310
27141028005,117,堺市堺区海山町５丁,64,53,60
27141028006,-,堺市堺区海山町６丁,-,-,-
27141028007,-,堺市堺区海山町７丁,-,-,-
271410290,915,堺市堺区甲斐町西,430,485,538
27141029001,254,堺市堺区甲斐町西１丁,115,139,139
27141029002,222,堺市堺区甲斐町西２丁,83,139,81
27141029003,439,堺市堺区甲斐町西３丁,232,207,318
271410300,1732,堺市堺区甲斐町東,924,808,1048
27141030001,37,堺市堺区甲斐町東１丁,15,22,17
27141030002,533,堺市堺区甲斐町東２丁,247,286,216
27141030003,289,堺市堺区甲斐町東３丁,158,131,186
27141030004,311,堺市堺区甲斐町東４丁,154,157,164
27141030005,118,堺市堺区甲斐町東５丁,61,57,67
27141030006,444,堺市堺区甲斐町東６丁,289,155,398
271410310,4242,堺市堺区香ケ丘町,2104,2138,2049
27141031001,1197,堺市堺区香ケ丘町１丁,622,575,657
27141031002,780,堺市堺区香ケ丘町２丁,379,401,316
27141031003,633,堺市堺区香ケ丘町３丁,305,328,312
27141031004,954,堺市堺区香ケ丘町４丁,482,472,506
27141031005,678,堺市堺区香ケ丘町５丁,316,362,258
271410320,2299,堺市堺区柏木町,1130,1169,973
27141032001,307,堺市堺区柏木町１丁,137,170,124
27141032002,1291,堺市堺区柏木町２丁,626,665,535
27141032003,369,堺市堺区柏木町３丁,181,188,145
27141032004,332,堺市堺区柏木町４丁,186,146,169
271410330,331,堺市堺区春日通,149,182,110
27141033001,35,堺市堺区春日通１丁,19,16,16
27141033002,80,堺市堺区春日通２丁,39,41,32
27141033003,71,堺市堺区春日通３丁,33,38,27
27141033004,145,堺市堺区春日通４丁,58,87,35
271410340,535,堺市堺区霞ケ丘町,246,289,215
27141034001,100,堺市堺区霞ケ丘町１丁,49,51,50
27141034002,138,堺市堺区霞ケ丘町２丁,62,76,56
27141034003,204,堺市堺区霞ケ丘町３丁,83,121,76
27141034004,93,堺市堺区霞ケ丘町４丁,52,41,33
271410350,1522,堺市堺区神石市之町,685,837,618
271410360,1188,堺市堺区神南辺町,566,622,512
27141036001,168,堺市堺区神南辺町１丁,88,80,87
27141036002,1016,堺市堺区神南辺町２丁,476,540,424
27141036003,-,堺市堺区神南辺町３丁,-,-,-
27141036004,4,堺市堺区神南辺町４丁,2,2,1
27141036005,-,堺市堺区神南辺町５丁,-,-,-
27141036006,-,堺市堺区神南辺町６丁,-,-,-
271410370,256,堺市堺区北瓦町,116,140,152
27141037001,207,堺市堺区北瓦町１丁,96,111,122
27141037002,49,堺市堺区北瓦町２丁,20,29,30
271410380,295,堺市堺区北向陽町,126,169,118
27141038001,230,堺市堺区北向陽町１丁,98,132,86
27141038002,65,堺市堺区北向陽町２丁,28,37,32
271410390,677,堺市堺区北清水町,336,341,325
27141039001,281,堺市堺区北清水町１丁,139,142,139
27141039002,137,堺市堺区北清水町２丁,59,78,56
27141039003,259,堺市堺区北清水町３丁,138,121,130
271410400,1482,堺市堺区北庄町,748,734,752
27141040001,1162,堺市堺区北庄町１丁,581,581,579
27141040002,129,堺市堺区北庄町２丁,58,71,71
27141040003,191,堺市堺区北庄町３丁,109,82,102
271410410,892,堺市堺区北田出井町,426,466,350
27141041001,296,堺市堺区北田出井町１丁,132,164,121
27141041002,185,堺市堺区北田出井町２丁,88,97,74
27141041003,411,堺市堺区北田出井町３丁,206,205,155
271410420,485,堺市堺区北旅籠町西,243,242,231
27141042001,136,堺市堺区北旅籠町西１丁,67,69,63
27141042002,97,堺市堺区北旅籠町西２丁,49,48,41
27141042003,252,堺市堺区北旅籠町西３丁,127,125,127
271410430,201,堺市堺区北旅籠町東,105,96,96
27141043001,174,堺市堺区北旅籠町東１丁,92,82,83
27141043002,27,堺市堺区北旅籠町東２丁,13,14,13
271410440,264,堺市堺区北波止町,144,120,137
271410450,1218,堺市堺区北花田口町,682,536,734
27141045001,569,堺市堺区北花田口町１丁,274,295,257
27141045002,633,堺市堺区北花田口町２丁,400,233,469
27141045003,16,堺市堺区北花田口町３丁,8,8,8
271410460,115,堺市堺区北半町西,52,63,43
271410470,65,堺市堺区北半町東,31,34,36
271410480,247,堺市堺区北丸保園,126,121,104
271410490,2303,堺市堺区北三国ケ丘町,1064,1239,1083
27141049001,306,堺市堺区北三国ケ丘町１丁,139,167,157
27141049002,95,堺市堺区北三国ケ丘町２丁,33,62,26
27141049003,235,堺市堺区北三国ケ丘町３丁,107,128,113
27141049004,200,堺市堺区北三国ケ丘町４丁,92,108,83
27141049005,127,堺市堺区北三国ケ丘町５丁,60,67,58
27141049006,432,堺市堺区北三国ケ丘町６丁,208,224,222
27141049007,257,堺市堺区北三国ケ丘町７丁,115,142,103
27141049008,651,堺市堺区北三国ケ丘町８丁,310,341,321
271410500,367,堺市堺区北安井町,169,198,243
271410510,310,堺市堺区京町通,132,178,112
271410520,2642,堺市堺区協和町,1168,1474,1252
27141052001,468,堺市堺区協和町１丁,211,257,268
27141052002,366,堺市堺区協和町２丁,164,202,144
27141052003,421,堺市堺区協和町３丁,183,238,172
27141052004,554,堺市堺区協和町４丁,251,303,271
27141052005,833,堺市堺区協和町５丁,359,474,397
271410530,1052,堺市堺区錦綾町,524,528,511
27141053001,574,堺市堺区錦綾町１丁,293,281,286
27141053002,70,堺市堺区錦綾町２丁,32,38,40
27141053003,408,堺市堺区錦綾町３丁,199,209,185
271410540,386,堺市堺区九間町西,195,191,166
27141054001,71,堺市堺区九間町西１丁,31,40,28
27141054002,295,堺市堺区九間町西２丁,150,145,123
27141054003,20,堺市堺区九間町西３丁,14,6,15
271410550,316,堺市堺区九間町東,154,162,124
27141055001,107,堺市堺区九間町東１丁,51,56,41
27141055002,158,堺市堺区九間町東２丁,78,80,66
27141055003,51,堺市堺区九間町東３丁,25,26,17
271410560,-,堺市堺区櫛屋町西,-,-,-
271410570,427,堺市堺区櫛屋町東,213,214,269
27141057001,48,堺市堺区櫛屋町東１丁,19,29,32
27141057002,223,堺市堺区櫛屋町東２丁,109,114,162
27141057003,42,堺市堺区櫛屋町東３丁,24,18,28
27141057004,114,堺市堺区櫛屋町東４丁,61,53,47
271410580,1100,堺市堺区楠町,557,543,471
27141058001,257,堺市堺区楠町１丁,130,127,107
27141058002,135,堺市堺区楠町２丁,75,60,77
27141058003,344,堺市堺区楠町３丁,169,175,145
27141058004,364,堺市堺区楠町４丁,183,181,142
271410590,501,堺市堺区熊野町西,232,269,220
27141059001,180,堺市堺区熊野町西１丁,81,99,68
27141059002,305,堺市堺区熊野町西２丁,143,162,144
27141059003,16,堺市堺区熊野町西３丁,8,8,8
271410600,570,堺市堺区熊野町東,298,272,303
27141060001,71,堺市堺区熊野町東１丁,31,40,31
27141060002,92,堺市堺区熊野町東２丁,53,39,62
27141060003,170,堺市堺区熊野町東３丁,94,76,84
27141060004,223,堺市堺区熊野町東４丁,112,111,121
27141060005,14,堺市堺区熊野町東５丁,8,6,5
271410610,344,堺市堺区車之町西,170,174,179
27141061001,163,堺市堺区車之町西１丁,78,85,74
27141061002,121,堺市堺区車之町西２丁,59,62,66
27141061003,60,堺市堺区車之町西３丁,33,27,39
271410620,228,堺市堺区車之町東,100,128,104
27141062001,115,堺市堺区車之町東１丁,55,60,53
27141062002,87,堺市堺区車之町東２丁,34,53,38
27141062003,26,堺市堺区車之町東３丁,11,15,13
271410630,3731,堺市堺区向陵中町,1803,1928,1788
27141063001,576,堺市堺区向陵中町１丁,297,279,270
27141063002,685,堺市堺区向陵中町２丁,320,365,292
27141063003,508,堺市堺区向陵中町３丁,248,260,207
27141063004,589,堺市堺区向陵中町４丁,272,317,339
27141063005,573,堺市堺区向陵中町５丁,265,308,241
27141063006,800,堺市堺区向陵中町６丁,401,399,439
271410640,3192,堺市堺区向陵西町,1513,1679,1466
27141064001,921,堺市堺区向陵西町１丁,428,493,346
27141064002,726,堺市堺区向陵西町２丁,352,374,345
27141064003,396,堺市堺区向陵西町３丁,191,205,161
27141064004,1149,堺市堺区向陵西町４丁,542,607,614
271410650,2392,堺市堺区向陵東町,1150,1242,1122
27141065001,410,堺市堺区向陵東町１丁,211,199,245
27141065002,853,堺市堺区向陵東町２丁,428,425,403
27141065003,1129,堺市堺区向陵東町３丁,511,618,474
271410660,588,堺市堺区五条通,262,326,247
271410670,176,堺市堺区御陵通,81,95,74
271410680,834,堺市堺区材木町西,441,393,428
27141068001,171,堺市堺区材木町西１丁,97,74,114
27141068002,520,堺市堺区材木町西２丁,263,257,267
27141068003,143,堺市堺区材木町西３丁,81,62,47
271410690,622,堺市堺区材木町東,305,317,267
27141069001,190,堺市堺区材木町東１丁,94,96,71
27141069002,98,堺市堺区材木町東２丁,45,53,54
27141069003,126,堺市堺区材木町東３丁,66,60,56
27141069004,208,堺市堺区材木町東４丁,100,108,86
271410700,371,堺市堺区幸通,184,187,170
271410710,931,堺市堺区栄橋町,512,419,680
27141071001,512,堺市堺区栄橋町１丁,292,220,432
27141071002,419,堺市堺区栄橋町２丁,220,199,248
271410720,592,堺市堺区桜之町西,273,319,246
27141072001,203,堺市堺区桜之町西１丁,92,111,83
27141072002,159,堺市堺区桜之町西２丁,71,88,61
27141072003,230,堺市堺区桜之町西３丁,110,120,102
271410730,183,堺市堺区桜之町東,91,92,77
27141073001,151,堺市堺区桜之町東１丁,80,71,63
27141073002,32,堺市堺区桜之町東２丁,11,21,14
271410740,578,堺市堺区五月町,306,272,286
271410750,535,堺市堺区三条通,258,277,257
271410760,3610,堺市堺区三宝町,1893,1717,1791
27141076001,372,堺市堺区三宝町１丁,181,191,193
27141076002,1040,堺市堺区三宝町２丁,503,537,470
27141076003,431,堺市堺区三宝町３丁,245,186,238
27141076004,473,堺市堺区三宝町４丁,252,221,232
27141076005,588,堺市堺区三宝町５丁,298,290,264
27141076006,698,堺市堺区三宝町６丁,410,288,391
27141076007,-,堺市堺区三宝町７丁,-,-,-
27141076008,-,堺市堺区三宝町８丁,-,-,-
27141076009,8,堺市堺区三宝町９丁,4,4,3
271410770,-,堺市堺区塩浜町,-,-,-
271410780,503,堺市堺区四条通,235,268,216
271410790,348,堺市堺区七条通,171,177,150
271410800,1384,堺市堺区七道西町,649,735,648
271410810,696,堺市堺区七道東町,310,386,311
271410820,2319,堺市堺区東雲西町,1127,1192,1132
27141082001,494,堺市堺区東雲西町１丁,250,244,273
27141082002,661,堺市堺区東雲西町２丁,330,331,300
27141082003,598,堺市堺区東雲西町３丁,286,312,302
27141082004,566,堺市堺区東雲西町４丁,261,305,257
271410830,684,堺市堺区宿院町西,371,313,466
27141083001,7,堺市堺区宿院町西１丁,4,3,3
27141083002,37,堺市堺区宿院町西２丁,18,19,36
27141083003,558,堺市堺区宿院町西３丁,308,250,377
27141083004,82,堺市堺区宿院町西４丁,41,41,50
271410840,649,堺市堺区宿院町東,327,322,339
27141084001,56,堺市堺区宿院町東１丁,25,31,19
27141084002,22,堺市堺区宿院町東２丁,10,12,12
27141084003,401,堺市堺区宿院町東３丁,206,195,215
27141084004,170,堺市堺区宿院町東４丁,86,84,93
271410850,489,堺市堺区宿屋町西,248,241,181
27141085001,95,堺市堺区宿屋町西１丁,46,49,32
27141085002,52,堺市堺区宿屋町西２丁,25,27,28
27141085003,342,堺市堺区宿屋町西３丁,177,165,121
271410860,591,堺市堺区宿屋町東,282,309,310
27141086001,221,堺市堺区宿屋町東１丁,109,112,141
27141086002,148,堺市堺区宿屋町東２丁,71,77,74
27141086003,222,堺市堺区宿屋町東３丁,102,120,95
271410870,543,堺市堺区少林寺町西,260,283,232
27141087001,76,堺市堺区少林寺町西１丁,42,34,42
27141087002,162,堺市堺区少林寺町西２丁,74,88,69
27141087003,182,堺市堺区少林寺町西３丁,86,96,74
27141087004,123,堺市堺区少林寺町西４丁,58,65,47
271410880,439,堺市堺区少林寺町東,216,223,248
27141088001,128,堺市堺区少林寺町東１丁,67,61,84
27141088002,123,堺市堺区少林寺町東２丁,60,63,50
27141088003,174,堺市堺区少林寺町東３丁,83,91,106
27141088004,14,堺市堺区少林寺町東４丁,6,8,8
271410890,366,堺市堺区昭和通,184,182,160
27141089001,88,堺市堺区昭和通１丁,48,40,40
27141089002,57,堺市堺区昭和通２丁,29,28,32
27141089003,50,堺市堺区昭和通３丁,21,29,24
27141089004,91,堺市堺区昭和通４丁,48,43,34
27141089005,44,堺市堺区昭和通５丁,20,24,15
27141089006,36,堺市堺区昭和通６丁,18,18,15
271410900,848,堺市堺区新在家町西,401,447,350
27141090001,237,堺市堺区新在家町西１丁,118,119,82
27141090002,148,堺市堺区新在家町西２丁,67,81,57
27141090003,299,堺市堺区新在家町西３丁,139,160,147
27141090004,164,堺市堺区新在家町西４丁,77,87,64
271410910,446,堺市堺区新在家町東,225,221,232
27141091001,29,堺市堺区新在家町東１丁,12,17,11
27141091002,128,堺市堺区新在家町東２丁,79,49,77
27141091003,140,堺市堺区新在家町東３丁,71,69,70
27141091004,149,堺市堺区新在家町東４丁,63,86,74
271410920,310,堺市堺区神保通,152,158,136
271410930,288,堺市堺区新町,170,118,206
271410940,230,堺市堺区神明町西,149,81,133
27141094001,140,堺市堺区神明町西１丁,102,38,89
27141094002,27,堺市堺区神明町西２丁,12,15,11
27141094003,63,堺市堺区神明町西３丁,35,28,33
271410950,396,堺市堺区神明町東,195,201,179
27141095001,197,堺市堺区神明町東１丁,98,99,99
27141095002,118,堺市堺区神明町東２丁,57,61,43
27141095003,81,堺市堺区神明町東３丁,40,41,37
271410960,298,堺市堺区菅原通,140,158,130
27141096001,93,堺市堺区菅原通１丁,38,55,37
27141096002,35,堺市堺区菅原通２丁,16,19,18
27141096003,62,堺市堺区菅原通３丁,28,34,31
27141096004,75,堺市堺区菅原通４丁,42,33,30
27141096005,33,堺市堺区菅原通５丁,16,17,14
271410970,925,堺市堺区砂道町,445,480,427
27141097001,570,堺市堺区砂道町１丁,272,298,259
27141097002,224,堺市堺区砂道町２丁,99,125,83
27141097003,131,堺市堺区砂道町３丁,74,57,85
271410980,1075,堺市堺区住吉橋町,533,542,692
27141098001,865,堺市堺区住吉橋町１丁,433,432,567
27141098002,210,堺市堺区住吉橋町２丁,100,110,125
271410990,562,堺市堺区大仙町,257,305,152
271411000,1259,堺市堺区大仙中町,612,647,536
271411010,540,堺市堺区大仙西町,250,290,299
27141101001,288,堺市堺区大仙西町１丁,126,162,149
27141101002,27,堺市堺区大仙西町２丁,16,11,26
27141101003,4,堺市堺区大仙西町３丁,1,3,2
27141101004,17,堺市堺区大仙西町４丁,9,8,5
27141101005,112,堺市堺区大仙西町５丁,55,57,73
27141101006,92,堺市堺区大仙西町６丁,43,49,44
271411020,428,堺市堺区高砂町,204,224,179
27141102001,138,堺市堺区高砂町１丁,73,65,66
27141102002,108,堺市堺区高砂町２丁,46,62,46
27141102003,167,堺市堺区高砂町３丁,78,89,62
27141102004,15,堺市堺区高砂町４丁,7,8,5
271411030,242,堺市堺区高須町,129,113,127
27141103001,-,堺市堺区高須町１丁,-,-,-
27141103002,59,堺市堺区高須町２丁,33,26,32
27141103003,183,堺市堺区高須町３丁,96,87,95
271411040,-,堺市堺区匠町,-,-,-
271411050,5073,堺市堺区田出井町,3567,1506,1404
271411060,-,堺市堺区築港南町,-,-,-
271411070,45,堺市堺区築港八幡町,8,37,10
271411080,1671,堺市堺区出島海岸通,856,815,829
27141108001,609,堺市堺区出島海岸通１丁,303,306,345
27141108002,333,堺市堺区出島海岸通２丁,168,165,136
27141108003,406,堺市堺区出島海岸通３丁,199,207,168
27141108004,323,堺市堺区出島海岸通４丁,186,137,180
271411090,3021,堺市堺区出島町,1427,1594,1351
27141109001,392,堺市堺区出島町１丁,176,216,180
27141109002,1248,堺市堺区出島町２丁,566,682,585
27141109003,596,堺市堺区出島町３丁,298,298,266
27141109004,409,堺市堺区出島町４丁,203,206,158
27141109005,376,堺市堺区出島町５丁,184,192,162
271411100,9,堺市堺区出島西町,4,5,5
271411110,212,堺市堺区出島浜通,118,94,96
271411120,173,堺市堺区鉄砲町,76,97,82
271411130,532,堺市堺区寺地町西,257,275,283
27141113001,62,堺市堺区寺地町西１丁,36,26,37
27141113002,203,堺市堺区寺地町西２丁,88,115,103
27141113003,267,堺市堺区寺地町西３丁,133,134,143
27141113004,-,堺市堺区寺地町西４丁,-,-,-
271411140,575,堺市堺区寺地町東,301,274,387
27141114001,60,堺市堺区寺地町東１丁,26,34,34
27141114002,165,堺市堺区寺地町東２丁,96,69,127
27141114003,211,堺市堺区寺地町東３丁,107,104,150
27141114004,139,堺市堺区寺地町東４丁,72,67,76
271411150,88,堺市堺区中瓦町,48,40,63
27141115001,69,堺市堺区中瓦町１丁,36,33,51
27141115002,19,堺市堺区中瓦町２丁,12,7,12
271411160,470,堺市堺区中向陽町,248,222,262
27141116001,396,堺市堺区中向陽町１丁,216,180,231
27141116002,74,堺市堺区中向陽町２丁,32,42,31
271411170,927,堺市堺区中田出井町,440,487,380
27141117001,223,堺市堺区中田出井町１丁,106,117,81
27141117002,288,堺市堺区中田出井町２丁,132,156,119
27141117003,416,堺市堺区中田出井町３丁,202,214,180
271411180,166,堺市堺区中永山園,78,88,81
271411190,955,堺市堺区中之町西,505,450,621
27141119001,133,堺市堺区中之町西１丁,79,54,97
27141119002,102,堺市堺区中之町西２丁,48,54,51
27141119003,502,堺市堺区中之町西３丁,263,239,310
27141119004,218,堺市堺区中之町西４丁,115,103,163
271411200,590,堺市堺区中之町東,292,298,343
27141120001,102,堺市堺区中之町東１丁,53,49,61
27141120002,188,堺市堺区中之町東２丁,97,91,135
27141120003,146,堺市堺区中之町東３丁,66,80,73
27141120004,154,堺市堺区中之町東４丁,76,78,74
271411210,1672,堺市堺区中三国ケ丘町,750,922,719
27141121001,262,堺市堺区中三国ケ丘町１丁,113,149,109
27141121002,84,堺市堺区中三国ケ丘町２丁,37,47,32
27141121003,135,堺市堺区中三国ケ丘町３丁,67,68,54
27141121004,294,堺市堺区中三国ケ丘町４丁,136,158,130
27141121005,245,堺市堺区中三国ケ丘町５丁,108,137,97
27141121006,333,堺市堺区中三国ケ丘町６丁,149,184,137
27141121007,319,堺市堺区中三国ケ丘町７丁,140,179,160
271411220,1317,堺市堺区中安井町,710,607,873
27141122001,577,堺市堺区中安井町１丁,337,240,463
27141122002,260,堺市堺区中安井町２丁,144,116,157
27141122003,480,堺市堺区中安井町３丁,229,251,253
271411230,206,堺市堺区並松町,102,104,104
271411240,451,堺市堺区南陵町,198,253,188
27141124001,137,堺市堺区南陵町１丁,61,76,60
27141124002,51,堺市堺区南陵町２丁,23,28,23
27141124003,130,堺市堺区南陵町３丁,54,76,51
27141124004,133,堺市堺区南陵町４丁,60,73,54
271411250,1145,堺市堺区賑町,541,604,556
27141125001,91,堺市堺区賑町１丁,41,50,41
27141125002,201,堺市堺区賑町２丁,96,105,108
27141125003,313,堺市堺区賑町３丁,150,163,139
27141125004,540,堺市堺区賑町４丁,254,286,268
271411260,531,堺市堺区錦之町西,253,278,194
27141126001,216,堺市堺区錦之町西１丁,95,121,73
27141126002,93,堺市堺区錦之町西２丁,47,46,38
27141126003,222,堺市堺区錦之町西３丁,111,111,83
271411270,244,堺市堺区錦之町東,116,128,104
27141127001,138,堺市堺区錦之町東１丁,73,65,62
27141127002,106,堺市堺区錦之町東２丁,43,63,42
271411280,256,堺市堺区西永山園,119,137,115
271411290,1863,堺市堺区西湊町,899,964,886
27141129001,315,堺市堺区西湊町１丁,153,162,153
27141129002,187,堺市堺区西湊町２丁,88,99,98
27141129003,230,堺市堺区西湊町３丁,110,120,109
27141129004,421,堺市堺区西湊町４丁,223,198,213
27141129005,436,堺市堺区西湊町５丁,202,234,196
27141129006,274,堺市堺区西湊町６丁,123,151,117
271411300,394,堺市堺区二条通,177,217,192
271411310,680,堺市堺区東上野芝町,313,367,308
271411320,85,堺市堺区東永山園,38,47,33
271411330,1430,堺市堺区東湊町,714,716,656
27141133001,139,堺市堺区東湊町１丁,78,61,76
27141133002,354,堺市堺区東湊町２丁,173,181,160
27141133003,291,堺市堺区東湊町３丁,135,156,129
27141133004,172,堺市堺区東湊町４丁,90,82,65
27141133005,360,堺市堺区東湊町５丁,191,169,177
27141133006,114,堺市堺区東湊町６丁,47,67,49
271411340,1007,堺市堺区松屋町,496,511,345
27141134001,531,堺市堺区松屋町１丁,262,269,159
27141134002,476,堺市堺区松屋町２丁,234,242,186
271411350,677,堺市堺区松屋大和川通,328,349,247
27141135001,297,堺市堺区松屋大和川通１丁,135,162,100
27141135002,380,堺市堺区松屋大和川通２丁,193,187,147
27141135003,-,堺市堺区松屋大和川通３丁,-,-,-
27141135004,-,堺市堺区松屋大和川通４丁,-,-,-
271411360,798,堺市堺区三国ケ丘御幸通,373,425,335
271411370,1070,堺市堺区緑ケ丘北町,547,523,516
27141137001,116,堺市堺区緑ケ丘北町１丁,89,27,91
27141137002,260,堺市堺区緑ケ丘北町２丁,121,139,153
27141137003,310,堺市堺区緑ケ丘北町３丁,163,147,119
27141137004,384,堺市堺区緑ケ丘北町４丁,174,210,153
271411380,1051,堺市堺区緑ケ丘中町,468,583,457
27141138001,224,堺市堺区緑ケ丘中町１丁,95,129,77
27141138002,285,堺市堺区緑ケ丘中町２丁,123,162,141
27141138003,303,堺市堺区緑ケ丘中町３丁,146,157,140
27141138004,239,堺市堺区緑ケ丘中町４丁,104,135,99
271411390,543,堺市堺区緑ケ丘南町,232,311,222
27141139001,226,堺市堺区緑ケ丘南町１丁,94,132,86
27141139002,42,堺市堺区緑ケ丘南町２丁,20,22,17
27141139003,97,堺市堺区緑ケ丘南町３丁,47,50,46
27141139004,178,堺市堺区緑ケ丘南町４丁,71,107,73
271411400,696,堺市堺区緑町,365,331,315
27141140001,290,堺市堺区緑町１丁,138,152,130
27141140002,400,堺市堺区緑町２丁,224,176,183
27141140003,6,堺市堺区緑町３丁,3,3,2
27141140004,-,堺市堺区緑町４丁,-,-,-
271411410,160,堺市堺区南瓦町,109,51,72
271411420,457,堺市堺区南向陽町,203,254,202
27141142001,427,堺市堺区南向陽町１丁,193,234,184
27141142002,30,堺市堺区南向陽町２丁,10,20,18
271411430,1093,堺市堺区南島町,540,553,482
27141143001,387,堺市堺区南島町１丁,188,199,177
27141143002,391,堺市堺区南島町２丁,182,209,152
27141143003,143,堺市堺区南島町３丁,88,55,90
27141143004,77,堺市堺区南島町４丁,37,40,30
27141143005,95,堺市堺区南島町５丁,45,50,33
271411440,691,堺市堺区南清水町,330,361,287
27141144001,212,堺市堺区南清水町１丁,89,123,66
27141144002,45,堺市堺区南清水町２丁,20,25,24
27141144003,434,堺市堺区南清水町３丁,221,213,197
271411450,839,堺市堺区南庄町,405,434,390
27141145001,528,堺市堺区南庄町１丁,264,264,223
27141145002,311,堺市堺区南庄町２丁,141,170,167
271411460,948,堺市堺区南田出井町,452,496,372
27141146001,266,堺市堺区南田出井町１丁,126,140,100
27141146002,155,堺市堺区南田出井町２丁,72,83,71
27141146003,183,堺市堺区南田出井町３丁,88,95,69
27141146004,344,堺市堺区南田出井町４丁,166,178,132
271411470,888,堺市堺区南旅篭町西,421,467,415
27141147001,201,堺市堺区南旅篭町西１丁,106,95,107
27141147002,200,堺市堺区南旅篭町西２丁,92,108,97
27141147003,318,堺市堺区南旅篭町西３丁,146,172,141
27141147004,169,堺市堺区南旅篭町西４丁,77,92,70
271411480,796,堺市堺区南旅篭町東,412,384,455
27141148001,221,堺市堺区南旅篭町東１丁,134,87,154
27141148002,311,堺市堺区南旅篭町東２丁,159,152,172
27141148003,36,堺市堺区南旅篭町東３丁,11,25,12
27141148004,228,堺市堺区南旅篭町東４丁,108,120,117
271411490,232,堺市堺区南花田口町,107,125,139
27141149001,157,堺市堺区南花田口町１丁,77,80,85
27141149002,75,堺市堺区南花田口町２丁,30,45,54
271411500,553,堺市堺区南半町西,275,278,276
27141150001,151,堺市堺区南半町西１丁,85,66,103
27141150002,94,堺市堺区南半町西２丁,47,47,39
27141150003,247,堺市堺区南半町西３丁,121,126,108
27141150004,61,堺市堺区南半町西４丁,22,39,26
271411510,126,堺市堺区南半町東,57,69,62
27141151001,67,堺市堺区南半町東１丁,28,39,37
27141151002,59,堺市堺区南半町東２丁,29,30,25
271411520,229,堺市堺区南丸保園,108,121,92
271411530,2205,堺市堺区南三国ケ丘町,1055,1150,980
27141153001,291,堺市堺区南三国ケ丘町１丁,132,159,132
27141153002,182,堺市堺区南三国ケ丘町２丁,88,94,86
27141153003,292,堺市堺区南三国ケ丘町３丁,140,152,126
27141153004,425,堺市堺区南三国ケ丘町４丁,205,220,186
27141153005,456,堺市堺区南三国ケ丘町５丁,226,230,177
27141153006,559,堺市堺区南三国ケ丘町６丁,264,295,273
271411540,817,堺市堺区南安井町,357,460,276
27141154001,59,堺市堺区南安井町１丁,28,31,28
27141154002,272,堺市堺区南安井町２丁,136,136,83
27141154003,259,堺市堺区南安井町３丁,83,176,53
27141154004,15,堺市堺区南安井町４丁,10,5,8
27141154005,138,堺市堺区南安井町５丁,68,70,66
27141154006,74,堺市堺区南安井町６丁,32,42,38
271411550,1138,堺市堺区百舌鳥夕雲町,567,571,574
27141155001,642,堺市堺区百舌鳥夕雲町１丁,329,313,338
27141155002,496,堺市堺区百舌鳥夕雲町２丁,238,258,236
27141155003,-,堺市堺区百舌鳥夕雲町３丁,-,-,-
271411560,400,堺市堺区文珠橋通,200,200,181
271411570,341,堺市堺区八千代通,169,172,158
271411580,678,堺市堺区柳之町西,340,338,297
27141158001,125,堺市堺区柳之町西１丁,66,59,77
27141158002,253,堺市堺区柳之町西２丁,133,120,100
27141158003,300,堺市堺区柳之町西３丁,141,159,120
271411590,503,堺市堺区柳之町東,242,261,214
27141159001,318,堺市堺区柳之町東１丁,154,164,130
27141159002,185,堺市堺区柳之町東２丁,88,97,84
271411600,123,堺市堺区八幡通,54,69,52
27141160001,37,堺市堺区八幡通１丁,19,18,15
27141160002,34,堺市堺区八幡通２丁,15,19,14
27141160003,52,堺市堺区八幡通３丁,20,32,23
271411610,3002,堺市堺区山本町,1495,1507,1191
27141161001,1412,堺市堺区山本町１丁,674,738,499
27141161002,555,堺市堺区山本町２丁,269,286,209
27141161003,86,堺市堺区山本町３丁,45,41,22
27141161004,-,堺市堺区山本町４丁,-,-,-
27141161005,949,堺市堺区山本町５丁,507,442,461
27141161006,-,堺市堺区山本町６丁,-,-,-
271411620,704,堺市堺区竜神橋町,440,264,533
27141162001,291,堺市堺区竜神橋町１丁,164,127,209
27141162002,413,堺市堺区竜神橋町２丁,276,137,324
271411630,254,堺市堺区陵西通,132,122,131
271411640,319,堺市堺区六条通,148,171,150
271419990,-,堺市堺区堺泉北港,-,-,-
27142,124543,堺市中区,60183,64360,48538
271420010,1425,堺市中区上之,693,732,516
271420020,3789,堺市中区大野芝町,1895,1894,1494
271420030,447,堺市中区学園町,262,185,164
271420040,2410,堺市中区毛穴町,1185,1225,959
271420050,2451,堺市中区小阪,1154,1297,1013
271420060,495,堺市中区小阪西町,260,235,209
271420070,4087,堺市中区新家町,1963,2124,1592
271420100,1605,堺市中区田園,794,811,601
271420110,4259,堺市中区辻之,2075,2184,1648
271420120,4691,堺市中区陶器北,2297,2394,1687
271420130,7141,堺市中区土塔町,3429,3712,2380
271420140,1589,堺市中区楢葉,799,790,595
271420150,8349,堺市中区土師町,4188,4161,3298
27142015001,1779,堺市中区土師町１丁,905,874,791
27142015002,1825,堺市中区土師町２丁,901,924,723
27142015003,2251,堺市中区土師町３丁,1120,1131,825
27142015004,1118,堺市中区土師町４丁,555,563,437
27142015005,1376,堺市中区土師町５丁,707,669,522
271420160,1613,堺市中区八田寺町,778,835,608
271420170,5068,堺市中区八田北町,2451,2617,1966
271420180,3533,堺市中区八田西町,1667,1866,1554
27142018001,8,堺市中区八田西町１丁,5,3,3
27142018002,2444,堺市中区八田西町２丁,1137,1307,1101
27142018003,1081,堺市中区八田西町３丁,525,556,450
271420190,1202,堺市中区八田南之町,546,656,304
271420200,1102,堺市中区東八田,527,575,442
271420210,5823,堺市中区東山,2842,2981,2205
271420220,2648,堺市中区平井,1302,1346,903
271420230,5691,堺市中区深井北町,2566,3125,2038
271420240,3490,堺市中区深井沢町,1674,1816,1762
271420250,5910,堺市中区深井清水町,2893,3017,2561
271420260,7980,堺市中区深井中町,3901,4079,3233
271420270,3193,堺市中区深井畑山町,1539,1654,1103
271420280,2598,堺市中区深井東町,1274,1324,1005
271420290,3153,堺市中区深井水池町,1565,1588,1365
271420300,5901,堺市中区深阪,2909,2992,2257
27142030001,1263,堺市中区深阪１丁,616,647,467
27142030002,1155,堺市中区深阪２丁,564,591,462
27142030003,721,堺市中区深阪３丁,339,382,252
27142030004,1211,堺市中区深阪４丁,611,600,466
27142030005,542,堺市中区深阪５丁,272,270,222
27142030006,1009,堺市中区深阪６丁,507,502,388
271420310,13319,堺市中区福田,6406,6913,4997
271420320,1592,堺市中区伏尾,711,881,535
271420330,3381,堺市中区堀上町,1651,1730,1329
271420340,779,堺市中区見野山,364,415,251
271420360,3829,堺市中区宮園町,1623,2206,1964
27143,85189,堺市東区,40457,44732,34722
271430010,1550,堺市東区石原町,751,799,523
27143001001,12,堺市東区石原町１丁,6,6,3
27143001002,45,堺市東区石原町２丁,21,24,14
27143001003,565,堺市東区石原町３丁,269,296,168
27143001004,928,堺市東区石原町４丁,455,473,338
271430020,6040,堺市東区大美野,2821,3219,2364
271430030,9485,堺市東区北野田,4445,5040,3870
271430040,6045,堺市東区草尾,2939,3106,2357
271430050,2807,堺市東区丈六,1305,1502,1144
271430060,4208,堺市東区白鷺町,2074,2134,2365
27143006001,2057,堺市東区白鷺町１丁,1037,1020,1367
27143006002,1273,堺市東区白鷺町２丁,606,667,624
27143006003,878,堺市東区白鷺町３丁,431,447,374
271430070,561,堺市東区関茶屋,281,280,206
271430080,4876,堺市東区高松,2279,2597,1910
271430090,1398,堺市東区中茶屋,636,762,537
271430100,5142,堺市東区西野,2435,2707,2093
271430110,5075,堺市東区野尻町,2441,2634,2066
271430120,4086,堺市東区日置荘北町,1946,2140,1701
27143012000,154,堺市東区日置荘北町,63,91,67
27143012001,1197,堺市東区日置荘北町１丁,558,639,507
27143012002,1349,堺市東区日置荘北町２丁,638,711,563
27143012003,1386,堺市東区日置荘北町３丁,687,699,564
271430130,1695,堺市東区日置荘田中町,798,897,608
271430140,11006,堺市東区日置荘西町,5253,5753,4587
27143014001,1123,堺市東区日置荘西町１丁,526,597,494
27143014002,1715,堺市東区日置荘西町２丁,840,875,679
27143014003,1590,堺市東区日置荘西町３丁,713,877,678
27143014004,950,堺市東区日置荘西町４丁,459,491,399
27143014005,1605,堺市東区日置荘西町５丁,776,829,717
27143014006,1959,堺市東区日置荘西町６丁,943,1016,792
27143014007,1862,堺市東区日置荘西町７丁,896,966,762
27143014008,202,堺市東区日置荘西町８丁,100,102,66
271430150,3878,堺市東区日置荘原寺町,1877,2001,1654
271430160,4649,堺市東区引野町,2215,2434,1851
27143016001,1477,堺市東区引野町１丁,730,747,514
27143016002,1782,堺市東区引野町２丁,839,943,698
27143016003,1390,堺市東区引野町３丁,646,744,639
271430170,6081,堺市東区菩提町,2902,3179,2329
27143017001,1294,堺市東区菩提町１丁,626,668,504
27143017002,1041,堺市東区菩提町２丁,486,555,350
27143017003,1306,堺市東区菩提町３丁,627,679,437
27143017004,1499,堺市東区菩提町４丁,688,811,613
27143017005,941,堺市東区菩提町５丁,475,466,425
271430180,6380,堺市東区南野田,2960,3420,2485
271430190,227,堺市東区八下町,99,128,72
27143019001,42,堺市東区八下町１丁,10,32,4
27143019002,57,堺市東区八下町２丁,29,28,20
27143019003,128,堺市東区八下町３丁,60,68,48
27144,135746,堺市西区,65315,70431,54614
271440010,-,堺市西区石津ケ丘,-,-,-
271440020,1,堺市西区石津西町,1,-,1
271440030,8596,堺市西区上野芝町,4023,4573,3378
27144003001,902,堺市西区上野芝町１丁,417,485,393
27144003002,582,堺市西区上野芝町２丁,291,291,260
27144003003,1425,堺市西区上野芝町３丁,651,774,568
27144003004,1550,堺市西区上野芝町４丁,738,812,616
27144003005,1653,堺市西区上野芝町５丁,747,906,590
27144003006,416,堺市西区上野芝町６丁,204,212,164
27144003007,1176,堺市西区上野芝町７丁,549,627,444
27144003008,892,堺市西区上野芝町８丁,426,466,343
271440040,7090,堺市西区上野芝向ケ丘町,3278,3812,2722
27144004001,1386,堺市西区上野芝向ケ丘町１丁,636,750,587
27144004002,1150,堺市西区上野芝向ケ丘町２丁,546,604,469
27144004003,732,堺市西区上野芝向ケ丘町３丁,340,392,258
27144004004,1148,堺市西区上野芝向ケ丘町４丁,488,660,443
27144004005,1016,堺市西区上野芝向ケ丘町５丁,510,506,366
27144004006,1658,堺市西区上野芝向ケ丘町６丁,758,900,599
271440050,1519,堺市西区家原寺町,723,796,559
27144005001,616,堺市西区家原寺町１丁,292,324,244
27144005002,903,堺市西区家原寺町２丁,431,472,315
271440060,5076,堺市西区鳳北町,2474,2602,1961
27144006001,74,堺市西区鳳北町１丁,40,34,30
27144006002,804,堺市西区鳳北町２丁,398,406,294
27144006003,295,堺市西区鳳北町３丁,149,146,131
27144006004,727,堺市西区鳳北町４丁,345,382,283
27144006005,285,堺市西区鳳北町５丁,142,143,109
27144006006,636,堺市西区鳳北町６丁,299,337,256
27144006007,476,堺市西区鳳北町７丁,221,255,182
27144006008,977,堺市西区鳳北町８丁,473,504,370
27144006009,510,堺市西区鳳北町９丁,254,256,189
27144006010,292,堺市西区鳳北町１０丁,153,139,117
271440070,6392,堺市西区鳳中町,3079,3313,2852
27144007001,275,堺市西区鳳中町１丁,127,148,151
27144007002,689,堺市西区鳳中町２丁,307,382,297
27144007003,287,堺市西区鳳中町３丁,143,144,126
27144007004,643,堺市西区鳳中町４丁,315,328,287
27144007005,437,堺市西区鳳中町５丁,198,239,184
27144007006,296,堺市西区鳳中町６丁,155,141,123
27144007007,429,堺市西区鳳中町７丁,195,234,184
27144007008,1094,堺市西区鳳中町８丁,523,571,469
27144007009,999,堺市西区鳳中町９丁,493,506,500
27144007010,1243,堺市西区鳳中町１０丁,623,620,531
271440080,5684,堺市西区鳳西町,2803,2881,2428
27144008001,2715,堺市西区鳳西町１丁,1335,1380,1187
27144008002,1735,堺市西区鳳西町２丁,868,867,737
27144008003,1234,堺市西区鳳西町３丁,600,634,504
271440090,5495,堺市西区鳳東町,2617,2878,2413
27144009001,162,堺市西区鳳東町１丁,78,84,117
27144009002,367,堺市西区鳳東町２丁,171,196,179
27144009003,358,堺市西区鳳東町３丁,161,197,153
27144009004,436,堺市西区鳳東町４丁,208,228,236
27144009005,774,堺市西区鳳東町５丁,360,414,350
27144009006,1641,堺市西区鳳東町６丁,782,859,628
27144009007,1757,堺市西区鳳東町７丁,857,900,750
271440100,8508,堺市西区鳳南町,4075,4433,3154
27144010001,211,堺市西区鳳南町１丁,95,116,90
27144010002,863,堺市西区鳳南町２丁,410,453,359
27144010003,3669,堺市西区鳳南町３丁,1778,1891,1292
27144010004,287,堺市西区鳳南町４丁,124,163,136
27144010005,3478,堺市西区鳳南町５丁,1668,1810,1277
271440110,6808,堺市西区上,3291,3517,2642
271440120,10740,堺市西区草部,5162,5578,4293
271440130,2890,堺市西区神野町,1399,1491,1166
27144013001,1306,堺市西区神野町１丁,633,673,514
27144013002,866,堺市西区神野町２丁,426,440,353
27144013003,718,堺市西区神野町３丁,340,378,299
271440150,2662,堺市西区下田町,1291,1371,941
271440160,1009,堺市西区太平寺,437,572,281
271440170,-,堺市西区築港新町,-,-,-
27144017001,-,堺市西区築港新町１丁,-,-,-
27144017002,-,堺市西区築港新町２丁,-,-,-
27144017003,-,堺市西区築港新町３丁,-,-,-
27144017004,-,堺市西区築港新町４丁,-,-,-
271440180,1,堺市西区築港浜寺町,1,-,1
271440190,-,堺市西区築港浜寺西町,-,-,-
271440200,5454,堺市西区津久野町,2552,2902,2523
27144020001,2842,堺市西区津久野町１丁,1295,1547,1376
27144020002,1264,堺市西区津久野町２丁,594,670,552
27144020003,1348,堺市西区津久野町３丁,663,685,595
271440210,982,堺市西区鶴田町,482,500,385
271440220,5654,堺市西区浜寺石津町中,2756,2898,2493
27144022001,1166,堺市西区浜寺石津町中１丁,599,567,476
27144022002,1422,堺市西区浜寺石津町中２丁,709,713,653
27144022003,1142,堺市西区浜寺石津町中３丁,574,568,527
27144022004,999,堺市西区浜寺石津町中４丁,460,539,428
27144022005,925,堺市西区浜寺石津町中５丁,414,511,409
271440230,3384,堺市西区浜寺石津町西,1772,1612,1579
27144023001,180,堺市西区浜寺石津町西１丁,68,112,38
27144023002,269,堺市西区浜寺石津町西２丁,175,94,148
27144023003,246,堺市西区浜寺石津町西３丁,133,113,144
27144023004,2186,堺市西区浜寺石津町西４丁,1143,1043,1079
27144023005,503,堺市西区浜寺石津町西５丁,253,250,170
271440240,5121,堺市西区浜寺石津町東,2598,2523,2183
27144024001,435,堺市西区浜寺石津町東１丁,242,193,185
27144024002,637,堺市西区浜寺石津町東２丁,339,298,300
27144024003,1191,堺市西区浜寺石津町東３丁,587,604,576
27144024004,1292,堺市西区浜寺石津町東４丁,634,658,547
27144024005,1566,堺市西区浜寺石津町東５丁,796,770,575
271440250,884,堺市西区浜寺公園町,419,465,322
27144025001,247,堺市西区浜寺公園町１丁,117,130,72
27144025002,324,堺市西区浜寺公園町２丁,152,172,123
27144025003,313,堺市西区浜寺公園町３丁,150,163,127
271440260,3238,堺市西区浜寺昭和町,1505,1733,1202
27144026001,891,堺市西区浜寺昭和町１丁,420,471,337
27144026002,746,堺市西区浜寺昭和町２丁,358,388,286
27144026003,523,堺市西区浜寺昭和町３丁,249,274,178
27144026004,428,堺市西区浜寺昭和町４丁,195,233,152
27144026005,650,堺市西区浜寺昭和町５丁,283,367,249
271440270,1866,堺市西区浜寺諏訪森町中,881,985,810
27144027001,1154,堺市西区浜寺諏訪森町中１丁,552,602,483
27144027002,362,堺市西区浜寺諏訪森町中２丁,164,198,153
27144027003,350,堺市西区浜寺諏訪森町中３丁,165,185,174
271440280,3708,堺市西区浜寺諏訪森町西,1775,1933,1617
27144028001,919,堺市西区浜寺諏訪森町西１丁,451,468,392
27144028002,1049,堺市西区浜寺諏訪森町西２丁,477,572,463
27144028003,981,堺市西区浜寺諏訪森町西３丁,461,520,443
27144028004,759,堺市西区浜寺諏訪森町西４丁,386,373,319
271440290,2172,堺市西区浜寺諏訪森町東,976,1196,874
27144029001,809,堺市西区浜寺諏訪森町東１丁,369,440,334
27144029002,784,堺市西区浜寺諏訪森町東２丁,356,428,311
27144029003,579,堺市西区浜寺諏訪森町東３丁,251,328,229
271440300,4623,堺市西区浜寺船尾町西,2214,2409,2036
27144030001,724,堺市西区浜寺船尾町西１丁,361,363,326
27144030002,1551,堺市西区浜寺船尾町西２丁,756,795,682
27144030003,683,堺市西区浜寺船尾町西３丁,324,359,326
27144030004,1089,堺市西区浜寺船尾町西４丁,506,583,457
27144030005,576,堺市西区浜寺船尾町西５丁,267,309,245
271440310,1359,堺市西区浜寺船尾町東,652,707,465
27144031001,249,堺市西区浜寺船尾町東１丁,121,128,71
27144031002,148,堺市西区浜寺船尾町東２丁,74,74,54
27144031003,506,堺市西区浜寺船尾町東３丁,245,261,171
27144031004,456,堺市西区浜寺船尾町東４丁,212,244,169
271440320,2864,堺市西区浜寺南町,1356,1508,1028
27144032001,1118,堺市西区浜寺南町１丁,542,576,375
27144032002,1226,堺市西区浜寺南町２丁,573,653,431
27144032003,520,堺市西区浜寺南町３丁,241,279,222
271440330,4501,堺市西区浜寺元町,2218,2283,1771
27144033001,809,堺市西区浜寺元町１丁,394,415,306
27144033002,269,堺市西区浜寺元町２丁,136,133,104
27144033003,811,堺市西区浜寺元町３丁,434,377,353
27144033004,492,堺市西区浜寺元町４丁,229,263,190
27144033005,1361,堺市西区浜寺元町５丁,650,711,506
27144033006,759,堺市西区浜寺元町６丁,375,384,312
271440340,1133,堺市西区原田,549,584,390
271440360,4561,堺市西区菱木,2307,2254,1500
27144036001,1345,堺市西区菱木１丁,644,701,412
27144036002,1192,堺市西区菱木２丁,626,566,417
27144036003,1176,堺市西区菱木３丁,602,574,402
27144036004,848,堺市西区菱木４丁,435,413,269
271440370,2293,堺市西区平岡町,1088,1205,881
271440380,2844,堺市西区北条町,1395,1449,1144
27144038001,1726,堺市西区北条町１丁,856,870,715
27144038002,1118,堺市西区北条町２丁,539,579,429
271440390,2875,堺市西区堀上緑町,1328,1547,1278
27144039001,656,堺市西区堀上緑町１丁,302,354,309
27144039002,1296,堺市西区堀上緑町２丁,597,699,498
27144039003,923,堺市西区堀上緑町３丁,429,494,471
271440400,717,堺市西区宮下町,341,376,290
271440410,3042,堺市西区山田,1497,1545,1051
27144041001,1582,堺市西区山田１丁,803,779,504
27144041002,753,堺市西区山田２丁,341,412,313
27144041003,547,堺市西区山田３丁,274,273,185
27144041004,160,堺市西区山田４丁,79,81,49
271449990,-,堺市西区堺泉北港,-,-,-
27145,147626,堺市南区,68799,78827,60427
271450010,7597,堺市南区赤坂台,3492,4105,3069
27145001001,1385,堺市南区赤坂台１丁,657,728,515
27145001002,527,堺市南区赤坂台２丁,234,293,206
27145001003,2122,堺市南区赤坂台３丁,932,1190,976
27145001004,817,堺市南区赤坂台４丁,387,430,290
27145001005,1147,堺市南区赤坂台５丁,525,622,456
27145001006,1599,堺市南区赤坂台６丁,757,842,626
271450020,840,堺市南区泉田中,416,424,266
271450030,819,堺市南区稲葉,412,407,260
27145003001,132,堺市南区稲葉１丁,61,71,50
27145003002,318,堺市南区稲葉２丁,145,173,116
27145003003,369,堺市南区稲葉３丁,206,163,94
271450040,410,堺市南区岩室,215,195,145
271450050,822,堺市南区大庭寺,419,403,304
271450060,352,堺市南区大森,181,171,115
271450070,1253,堺市南区片蔵,625,628,383
271450080,1480,堺市南区釜室,747,733,436
271450090,7516,堺市南区鴨谷台,3456,4060,3077
27145009001,1967,堺市南区鴨谷台１丁,874,1093,774
27145009002,2336,堺市南区鴨谷台２丁,1066,1270,890
27145009003,3213,堺市南区鴨谷台３丁,1516,1697,1413
271450100,538,堺市南区小代,259,279,163
271450110,544,堺市南区逆瀬川,242,302,141
271450120,7116,堺市南区城山台,3360,3756,2684
27145012001,1603,堺市南区城山台１丁,761,842,588
27145012002,2848,堺市南区城山台２丁,1266,1582,1116
27145012003,2033,堺市南区城山台３丁,995,1038,813
27145012004,237,堺市南区城山台４丁,112,125,82
27145012005,395,堺市南区城山台５丁,226,169,85
271450130,8873,堺市南区新檜尾台,4112,4761,3473
27145013001,932,堺市南区新檜尾台１丁,431,501,365
27145013002,2429,堺市南区新檜尾台２丁,1130,1299,875
27145013003,2661,堺市南区新檜尾台３丁,1211,1450,1079
27145013004,2851,堺市南区新檜尾台４丁,1340,1511,1154
271450150,1302,堺市南区高尾,676,626,539
27145015001,406,堺市南区高尾１丁,197,209,145
27145015002,457,堺市南区高尾２丁,247,210,208
27145015003,439,堺市南区高尾３丁,232,207,186
271450160,8226,堺市南区高倉台,3808,4418,3644
27145016001,1628,堺市南区高倉台１丁,706,922,794
27145016002,3348,堺市南区高倉台２丁,1609,1739,1393
27145016003,1479,堺市南区高倉台３丁,655,824,717
27145016004,1771,堺市南区高倉台４丁,838,933,740
271450170,8244,堺市南区竹城台,3712,4532,4206
27145017001,3040,堺市南区竹城台１丁,1388,1652,1767
27145017002,2046,堺市南区竹城台２丁,947,1099,1044
27145017003,1599,堺市南区竹城台３丁,680,919,714
27145017004,1559,堺市南区竹城台４丁,697,862,681
271450180,6366,堺市南区茶山台,3028,3338,3071
27145018001,275,堺市南区茶山台１丁,116,159,125
27145018002,4748,堺市南区茶山台２丁,2279,2469,2345
27145018003,1343,堺市南区茶山台３丁,633,710,601
271450190,375,堺市南区栂,180,195,132
271450200,749,堺市南区土佐屋台,365,384,324
271450210,312,堺市南区富蔵,148,164,94
271450220,2508,堺市南区豊田,1089,1419,528
271450230,7509,堺市南区庭代台,3518,3991,3149
27145023001,2368,堺市南区庭代台１丁,1142,1226,980
27145023002,2115,堺市南区庭代台２丁,958,1157,962
27145023003,1493,堺市南区庭代台３丁,717,776,597
27145023004,1533,堺市南区庭代台４丁,701,832,610
271450240,741,堺市南区野々井,378,363,246
271450250,353,堺市南区畑,168,185,109
271450260,713,堺市南区鉢ケ峯寺,345,368,235
271450270,10849,堺市南区原山台,5065,5784,4866
27145027001,3660,堺市南区原山台１丁,1770,1890,1691
27145027002,857,堺市南区原山台２丁,379,478,345
27145027003,1164,堺市南区原山台３丁,509,655,647
27145027004,781,堺市南区原山台４丁,391,390,289
27145027005,4387,堺市南区原山台５丁,2016,2371,1894
271450280,7242,堺市南区晴美台,3369,3873,3121
27145028001,2221,堺市南区晴美台１丁,1051,1170,902
27145028002,1705,堺市南区晴美台２丁,788,917,634
27145028003,2093,堺市南区晴美台３丁,983,1110,942
27145028004,1223,堺市南区晴美台４丁,547,676,643
271450290,2441,堺市南区檜尾,1181,1260,771
27145029000,649,堺市南区檜尾,312,337,180
27145029001,1792,堺市南区檜尾,869,923,591
271450300,1264,堺市南区深阪南,599,665,498
271450310,437,堺市南区別所,217,220,137
271450320,5970,堺市南区槇塚台,2773,3197,2622
27145032001,1665,堺市南区槇塚台１丁,746,919,857
27145032002,2431,堺市南区槇塚台２丁,1150,1281,1011
27145032003,1521,堺市南区槇塚台３丁,711,810,613
27145032004,353,堺市南区槇塚台４丁,166,187,141
271450330,9008,堺市南区御池台,4238,4770,3218
27145033001,2241,堺市南区御池台１丁,1050,1191,905
27145033002,4035,堺市南区御池台２丁,1930,2105,1324
27145033003,1675,堺市南区御池台３丁,799,876,672
27145033004,868,堺市南区御池台４丁,415,453,308
27145033005,189,堺市南区御池台５丁,44,145,9
271450340,2192,堺市南区美木多上,1004,1188,663
271450350,648,堺市南区三木閉,299,349,160
271450360,12654,堺市南区三原台,5883,6771,5146
27145036001,3438,堺市南区三原台１丁,1492,1946,1709
27145036002,5734,堺市南区三原台２丁,2734,3000,2022
27145036003,2403,堺市南区三原台３丁,1146,1257,1012
27145036004,1079,堺市南区三原台４丁,511,568,403
271450370,4419,堺市南区宮山台,1988,2431,1883
27145037001,1292,堺市南区宮山台１丁,568,724,542
27145037002,290,堺市南区宮山台２丁,138,152,143
27145037003,933,堺市南区宮山台３丁,437,496,369
27145037004,1904,堺市南区宮山台４丁,845,1059,829
271450380,7444,堺市南区桃山台,3415,4029,3321
27145038001,3294,堺市南区桃山台１丁,1496,1798,1598
27145038002,1006,堺市南区桃山台２丁,467,539,436
27145038003,1827,堺市南区桃山台３丁,842,985,798
27145038004,1317,堺市南区桃山台４丁,610,707,489
271450390,5334,堺市南区若松台,2391,2943,2434
27145039001,2932,堺市南区若松台１丁,1314,1618,1374
27145039002,1449,堺市南区若松台２丁,644,805,665
27145039003,953,堺市南区若松台３丁,433,520,395
271450400,950,堺市南区和田,449,501,301
271450410,1216,堺市南区和田東,577,639,493
27146,158845,堺市北区,75581,83264,68538
271460010,2689,堺市北区奥本町,1321,1368,1126
27146001001,1893,堺市北区奥本町１丁,938,955,803
27146001002,796,堺市北区奥本町２丁,383,413,323
271460020,20862,堺市北区金岡町,9893,10969,8162
27146002002,10458,堺市北区金岡町,5012,5446,4076
27146002003,10404,堺市北区金岡町,4881,5523,4086
27146002004,-,堺市北区金岡町,-,-,-
271460030,2568,堺市北区北長尾町,1270,1298,1298
27146003001,553,堺市北区北長尾町１丁,278,275,338
27146003002,379,堺市北区北長尾町２丁,173,206,182
27146003003,484,堺市北区北長尾町３丁,250,234,244
27146003004,284,堺市北区北長尾町４丁,145,139,146
27146003005,278,堺市北区北長尾町５丁,141,137,119
27146003006,221,堺市北区北長尾町６丁,104,117,84
27146003007,159,堺市北区北長尾町７丁,73,86,69
27146003008,210,堺市北区北長尾町８丁,106,104,116
271460040,6920,堺市北区北花田町,3338,3582,3127
27146004001,517,堺市北区北花田町１丁,245,272,247
27146004002,2627,堺市北区北花田町２丁,1227,1400,1184
27146004003,1800,堺市北区北花田町３丁,885,915,893
27146004004,1976,堺市北区北花田町４丁,981,995,803
271460050,3104,堺市北区蔵前町,1510,1594,1175
27146005001,1527,堺市北区蔵前町１丁,761,766,574
27146005002,746,堺市北区蔵前町２丁,355,391,277
27146005003,831,堺市北区蔵前町３丁,394,437,324
271460060,2155,堺市北区黒土町,1022,1133,882
271460070,1904,堺市北区東雲東町,874,1030,933
27146007001,476,堺市北区東雲東町１丁,205,271,227
27146007002,689,堺市北区東雲東町２丁,307,382,368
27146007003,448,堺市北区東雲東町３丁,226,222,219
27146007004,291,堺市北区東雲東町４丁,136,155,119
271460080,22467,堺市北区新金岡町,10368,12099,10439
27146008001,3213,堺市北区新金岡町１丁,1465,1748,1560
27146008002,6384,堺市北区新金岡町２丁,3056,3328,2889
27146008003,5835,堺市北区新金岡町３丁,2624,3211,2770
27146008004,4221,堺市北区新金岡町４丁,1870,2351,2022
27146008005,2814,堺市北区新金岡町５丁,1353,1461,1198
271460090,3467,堺市北区新堀町,1691,1776,1219
27146009001,2124,堺市北区新堀町１丁,1035,1089,728
27146009002,1343,堺市北区新堀町２丁,656,687,491
271460100,1781,堺市北区船堂町,874,907,718
27146010001,983,堺市北区船堂町１丁,489,494,418
27146010002,798,堺市北区船堂町２丁,385,413,300
271460110,3819,堺市北区常磐町,1836,1983,1532
27146011001,1846,堺市北区常磐町１丁,876,970,679
27146011002,455,堺市北区常磐町２丁,216,239,189
27146011003,1518,堺市北区常磐町３丁,744,774,664
271460120,12627,堺市北区長曽根町,6027,6600,5336
27146012000,4344,堺市北区長曽根町,2086,2258,1862
27146012001,8283,堺市北区長曽根町,3941,4342,3474
271460130,2002,堺市北区中長尾町,929,1073,885
27146013001,525,堺市北区中長尾町１丁,245,280,256
27146013002,478,堺市北区中長尾町２丁,199,279,176
27146013003,502,堺市北区中長尾町３丁,243,259,209
27146013004,497,堺市北区中長尾町４丁,242,255,244
271460140,1442,堺市北区中村町,681,761,422
271460150,13773,堺市北区中百舌鳥町,6601,7172,7157
27146015001,1267,堺市北区中百舌鳥町１丁,593,674,580
27146015002,1612,堺市北区中百舌鳥町２丁,751,861,1040
27146015003,1141,堺市北区中百舌鳥町３丁,537,604,456
27146015004,1524,堺市北区中百舌鳥町４丁,758,766,791
27146015005,1832,堺市北区中百舌鳥町５丁,892,940,948
27146015006,6397,堺市北区中百舌鳥町６丁,3070,3327,3342
271460160,1954,堺市北区野遠町,936,1018,688
271460170,9772,堺市北区東浅香山町,4530,5242,4231
27146017001,2169,堺市北区東浅香山町１丁,1038,1131,960
27146017002,2198,堺市北区東浅香山町２丁,1086,1112,887
27146017003,3567,堺市北区東浅香山町３丁,1545,2022,1687
27146017004,1838,堺市北区東浅香山町４丁,861,977,697
271460180,3166,堺市北区東上野芝町,1515,1651,1154
271460190,2925,堺市北区東三国ケ丘町,1382,1543,1226
27146019001,185,堺市北区東三国ケ丘町１丁,85,100,59
27146019002,551,堺市北区東三国ケ丘町２丁,264,287,253
27146019003,1011,堺市北区東三国ケ丘町３丁,486,525,411
27146019004,534,堺市北区東三国ケ丘町４丁,212,322,181
27146019005,644,堺市北区東三国ケ丘町５丁,335,309,322
271460200,3474,堺市北区大豆塚町,1659,1815,1493
27146020001,1623,堺市北区大豆塚町１丁,764,859,690
27146020002,1851,堺市北区大豆塚町２丁,895,956,803
271460210,1966,堺市北区南長尾町,849,1117,891
27146021001,217,堺市北区南長尾町１丁,95,122,70
27146021002,328,堺市北区南長尾町２丁,159,169,132
27146021003,664,堺市北区南長尾町３丁,279,385,305
27146021004,476,堺市北区南長尾町４丁,184,292,265
27146021005,281,堺市北区南長尾町５丁,132,149,119
271460220,4818,堺市北区南花田町,2363,2455,1895
271460230,474,堺市北区宮本町,235,239,232
271460240,5888,堺市北区百舌鳥赤畑町,2843,3045,2508
27146024001,494,堺市北区百舌鳥赤畑町１丁,228,266,255
27146024002,971,堺市北区百舌鳥赤畑町２丁,474,497,443
27146024003,1542,堺市北区百舌鳥赤畑町３丁,737,805,660
27146024004,1258,堺市北区百舌鳥赤畑町４丁,619,639,539
27146024005,1623,堺市北区百舌鳥赤畑町５丁,785,838,611
271460250,5276,堺市北区百舌鳥梅北町,2550,2726,2310
27146025001,410,堺市北区百舌鳥梅北町１丁,187,223,230
27146025002,879,堺市北区百舌鳥梅北町２丁,425,454,402
27146025003,1045,堺市北区百舌鳥梅北町３丁,511,534,466
27146025004,1269,堺市北区百舌鳥梅北町４丁,623,646,551
27146025005,1673,堺市北区百舌鳥梅北町５丁,804,869,661
271460260,6896,堺市北区百舌鳥梅町,3368,3528,3263
27146026001,2005,堺市北区百舌鳥梅町１丁,972,1033,973
27146026002,309,堺市北区百舌鳥梅町２丁,160,149,139
27146026003,4582,堺市北区百舌鳥梅町３丁,2236,2346,2151
271460270,3159,堺市北区百舌鳥西之町,1500,1659,1315
27146027001,1381,堺市北区百舌鳥西之町１丁,650,731,569
27146027002,1042,堺市北区百舌鳥西之町２丁,493,549,450
27146027003,736,堺市北区百舌鳥西之町３丁,357,379,296
271460280,4600,堺市北区百舌鳥本町,2220,2380,1761
27146028001,1311,堺市北区百舌鳥本町１丁,648,663,618
27146028002,577,堺市北区百舌鳥本町２丁,284,293,223
27146028003,2712,堺市北区百舌鳥本町３丁,1288,1424,920
271460290,2699,堺市北区百舌鳥陵南町,1306,1393,1086
27146029001,852,堺市北区百舌鳥陵南町１丁,388,464,279
27146029002,503,堺市北区百舌鳥陵南町２丁,260,243,208
27146029003,1344,堺市北区百舌鳥陵南町３丁,658,686,599
271460300,198,堺市北区八下北,90,108,74
27147,39156,堺市美原区,18887,20269,14346
271470010,2963,堺市美原区阿弥,1453,1510,1085
271470020,90,堺市美原区石原,46,44,30
271470030,1464,堺市美原区今井,711,753,340
271470040,2227,堺市美原区大饗,1101,1126,807
271470050,3183,堺市美原区北余部,1534,1649,1198
271470060,1604,堺市美原区北余部西,698,906,697
27147006001,713,堺市美原区北余部西１丁目,311,402,307
27147006002,190,堺市美原区北余部西２丁目,77,113,86
27147006003,298,堺市美原区北余部西３丁目,149,149,108
27147006004,403,堺市美原区北余部西４丁目,161,242,196
271470070,1484,堺市美原区黒山,679,805,549
271470080,884,堺市美原区小寺,417,467,317
271470090,1215,堺市美原区小平尾,598,617,428
271470100,2431,堺市美原区さつき野西,1178,1253,924
27147010001,891,堺市美原区さつき野西１丁目,432,459,334
27147010002,910,堺市美原区さつき野西２丁目,437,473,355
27147010003,630,堺市美原区さつき野西３丁目,309,321,235
271470110,2621,堺市美原区さつき野東,1251,1370,948
27147011001,568,堺市美原区さつき野東１丁目,276,292,218
27147011002,913,堺市美原区さつき野東２丁目,435,478,317
27147011003,1140,堺市美原区さつき野東３丁目,540,600,413
271470120,1361,堺市美原区真福寺,667,694,532
271470130,1115,堺市美原区菅生,514,601,358
271470140,1107,堺市美原区青南台,558,549,418
27147014001,631,堺市美原区青南台１丁目,312,319,233
27147014002,476,堺市美原区青南台２丁目,246,230,185
271470150,1710,堺市美原区太井,820,890,599
271470160,600,堺市美原区大保,308,292,214
271470170,3674,堺市美原区多治井,1845,1829,1296
271470180,1119,堺市美原区丹上,557,562,415
271470190,13,堺市美原区丹南,5,8,5
271470200,3265,堺市美原区平尾,1511,1754,1141
271470210,773,堺市美原区菩提,385,388,285
271470220,3008,堺市美原区南余部,1482,1526,1163
271470230,1072,堺市美原区南余部西,456,616,493
27147023001,456,堺市美原区南余部西１丁目,192,264,203
27147023002,155,堺市美原区南余部西２丁目,70,85,67
27147023003,461,堺市美原区南余部西３丁目,194,267,223
271470240,173,堺市美原区木材通,113,60,104
27147024001,141,堺市美原区木材通１丁目,85,56,75
27147024002,22,堺市美原区木材通２丁目,19,3,20
27147024003,-,堺市美原区木材通３丁目,-,-,-
27147024004,10,堺市美原区木材通４丁目,9,1,9